[
  { "id": 1, "name": "New York", "country": "USA" },
  { "id": 2, "name": "London", "country": "UK" },
  { "id": 3, "name": "Tokyo", "country": "Japan" },
  { "id": 4, "name": "Paris", "country": "France" },
  { "id": 5, "name": "Beijing", "country": "China" },
  { "id": 6, "name": "Moscow", "country": "Russia" },
  { "id": 7, "name": "Berlin", "country": "Germany" },
  { "id": 8, "name": "São Paulo", "country": "Brazil" },
  { "id": 9, "name": "Los Angeles", "country": "USA" },
  { "id": 10, "name": "Seoul", "country": "South Korea" },
  { "id": 11, "name": "Mumbai", "country": "India" },
  { "id": 12, "name": "Toronto", "country": "Canada" },
  { "id": 13, "name": "Buenos Aires", "country": "Argentina" },
  { "id": 14, "name": "Istanbul", "country": "Turkey" },
  { "id": 15, "name": "Bangkok", "country": "Thailand" },
  { "id": 16, "name": "Jakarta", "country": "Indonesia" },
  { "id": 17, "name": "Rome", "country": "Italy" },
  { "id": 18, "name": "Cairo", "country": "Egypt" },
  { "id": 19, "name": "Lagos", "country": "Nigeria" },
  { "id": 20, "name": "Sydney", "country": "Australia" },
  { "id": 21, "name": "Madrid", "country": "Spain" },
  { "id": 22, "name": "Dubai", "country": "UAE" },
  { "id": 23, "name": "Chicago", "country": "USA" },
  { "id": 24, "name": "Singapore", "country": "Singapore" },
  { "id": 25, "name": "Barcelona", "country": "Spain" },
  { "id": 26, "name": "Kuala Lumpur", "country": "Malaysia" },
  { "id": 27, "name": "Tehran", "country": "Iran" },
  { "id": 28, "name": "Johannesburg", "country": "South Africa" },
  { "id": 29, "name": "Lima", "country": "Peru" },
  { "id": 30, "name": "Baghdad", "country": "Iraq" },
  { "id": 31, "name": "Warsaw", "country": "Poland" },
  { "id": 32, "name": "Hanoi", "country": "Vietnam" },
  { "id": 33, "name": "Ho Chi Minh", "country": "Vietnam" },
  { "id": 34, "name": "Riyadh", "country": "Saudi Arabia" },
  { "id": 35, "name": "Caracas", "country": "Venezuela" },
  { "id": 36, "name": "Santiago", "country": "Chile" },
  { "id": 37, "name": "Amsterdam", "country": "Netherlands" },
  { "id": 38, "name": "Lisbon", "country": "Portugal" },
  { "id": 39, "name": "Nairobi", "country": "Kenya" },
  { "id": 40, "name": "Manila", "country": "Philippines" },
  { "id": 41, "name": "Doha", "country": "Qatar" },
  { "id": 42, "name": "Abu Dhabi", "country": "UAE" },
  { "id": 43, "name": "Brussels", "country": "Belgium" },
  { "id": 44, "name": "Bucharest", "country": "Romania" },
  { "id": 45, "name": "Kabul", "country": "Afghanistan" },
  { "id": 46, "name": "Tunis", "country": "Tunisia" },
  { "id": 47, "name": "Algiers", "country": "Algeria" },
  { "id": 48, "name": "Damascus", "country": "Syria" },
  { "id": 49, "name": "Addis Ababa", "country": "Ethiopia" },
  { "id": 50, "name": "Vienna", "country": "Austria" },
  { "id": 51, "name": "Oslo", "country": "Norway" },
  { "id": 52, "name": "Stockholm", "country": "Sweden" },
  { "id": 53, "name": "Copenhagen", "country": "Denmark" },
  { "id": 54, "name": "Helsinki", "country": "Finland" },
  { "id": 55, "name": "Prague", "country": "Czech Republic" },
  { "id": 56, "name": "Budapest", "country": "Hungary" },
  { "id": 57, "name": "Belgrade", "country": "Serbia" },
  { "id": 58, "name": "Sarajevo", "country": "Bosnia" },
  { "id": 59, "name": "Zagreb", "country": "Croatia" },
  { "id": 60, "name": "Skopje", "country": "North Macedonia" },  
  { "id": 299, "name": "Reykjavik", "country": "Iceland" },
  { "id": 300, "name": "Panama City", "country": "Panama" }
]